seed,duty_cycle_percent,mean_abs_error_C,rmse_C,min_temperature_C,max_temperature_C
123,21.11111111111111,0.15870372294936294,0.3998435412232503,18.0,21.316672572782355
124,20.833333333333332,0.14620001070990785,0.3969123771053084,18.0,21.226387272645596
125,21.0,0.15277531122093044,0.39654873932384427,18.0,21.238489993736916
126,20.97222222222222,0.14488798017318832,0.39373919087865206,18.0,21.255783740429212
127,21.0,0.14729465235650133,0.3942226952912309,18.0,21.26287566511414
128,20.916666666666668,0.15240440730479834,0.39511641520234064,18.0,21.198803112118227
129,20.916666666666668,0.15837398954518891,0.39600521754930157,18.0,21.22167576357057
130,21.0,0.1501761652864537,0.39614287515778907,18.0,21.248553190631913
131,21.0,0.1800559437041541,0.4035035787893292,18.0,21.29134616600635
132,20.86111111111111,0.14422601532098892,0.39546090744077755,18.0,21.23313164882682
133,20.88888888888889,0.15526831477580846,0.3953248366024139,18.0,21.24040400143138
134,20.833333333333332,0.1664389754182491,0.39873637868215456,18.0,21.352037488131383
135,20.86111111111111,0.14596054994267108,0.39301177384497715,18.0,21.222540038632488
136,20.77777777777778,0.15750365622869222,0.40029636874489993,18.0,21.295537732509555
137,20.97222222222222,0.18318674329123175,0.40610541326918465,18.0,21.27316072970322
138,20.805555555555557,0.15798091999142533,0.3976109194092701,18.0,21.301844515666833
139,20.88888888888889,0.14623603733687016,0.3948583153427167,18.0,21.243557948623675
140,21.083333333333332,0.13547779763969992,0.39034098681571117,18.0,21.187272800379496
141,21.02777777777778,0.14600234195655418,0.3997772881996194,18.0,21.25794913998547
142,20.86111111111111,0.15101836170717992,0.39761023299750436,18.0,21.262901152100916
143,20.88888888888889,0.15983242108900772,0.3990828683744264,18.0,21.26865806335882
144,21.13888888888889,0.1540277278020268,0.3955442828569304,18.0,21.243241146111803
145,20.805555555555557,0.14273187287675676,0.39346155017919454,18.0,21.23388407666375
146,21.0,0.1546538521096117,0.3962073857813294,18.0,21.25758723373812
147,20.77777777777778,0.17233449776901735,0.40223497880557485,18.0,21.261002866248962
148,20.88888888888889,0.16203162677920263,0.3982610084790102,18.0,21.263587918288056
149,20.97222222222222,0.14104500785601357,0.3933823253078966,18.0,21.210700238119955
150,20.944444444444443,0.12918429805577192,0.39043910221653594,18.0,21.19826045773611
151,20.916666666666668,0.14817907404485514,0.3954781934501845,18.0,21.20905960718454
152,20.86111111111111,0.17297976989567673,0.403234849699676,18.0,21.277915392110405
153,21.055555555555557,0.1569711204781044,0.39798243694573693,18.0,21.25414481169113
154,20.944444444444443,0.15245719978323444,0.39712997462742283,18.0,21.2613989488955
155,21.083333333333332,0.16807270335771626,0.40016141298781416,18.0,21.26391032096489
156,20.86111111111111,0.14780895034658045,0.3965407124162832,18.0,21.236872794035737
157,20.88888888888889,0.1398992260360794,0.39400054901700376,18.0,21.236999283255933
158,20.75,0.15110950212259316,0.39760389337893914,18.0,21.282193552734412
159,20.88888888888889,0.14338870141475074,0.39229498627580967,18.0,21.22624140917741
160,21.083333333333332,0.1787663404632862,0.40410093330251357,18.0,21.278619909279655
161,20.86111111111111,0.19006022073315373,0.40818317661024833,18.0,21.329391552461953
162,20.944444444444443,0.14510746244607103,0.3933125005132278,18.0,21.215513691040073
163,21.11111111111111,0.16899477978706293,0.400222036361823,18.0,21.280918000790017
164,21.0,0.16193916297520183,0.39953264617246453,18.0,21.25852616102717
165,20.916666666666668,0.14801504046827524,0.395020025106468,18.0,21.288166906249945
166,20.944444444444443,0.15424498977810563,0.39617920114227456,18.0,21.265790256185777
167,20.944444444444443,0.14006884634896047,0.3938732934563761,18.0,21.242715818066785
168,21.083333333333332,0.148592565317651,0.39550204427799257,18.0,21.248875000810543
169,21.055555555555557,0.15162885797327508,0.39465186307082506,18.0,21.24506880870216
170,20.833333333333332,0.13954231399303924,0.3939032771376906,18.0,21.22271645255515
171,20.944444444444443,0.14418927345587526,0.3958432396498188,18.0,21.290768797814707
172,20.86111111111111,0.13723716315654005,0.3937561786433046,18.0,21.225153766773932
173,20.88888888888889,0.13536704905012684,0.3946932171010584,18.0,21.210077757577434
174,20.88888888888889,0.15140042239382143,0.3953108943043348,18.0,21.216918900548542
175,21.055555555555557,0.17062521013822143,0.4004575216979773,18.0,21.2811479289559
176,21.0,0.13898421841832914,0.391703906067235,18.0,21.20861713164785
177,20.97222222222222,0.15393915573495975,0.39743137807612205,18.0,21.253088231557985
178,21.0,0.1544880529941315,0.3992700646291664,18.0,21.267238048456612
179,20.916666666666668,0.1513776563510385,0.39522498970608655,18.0,21.263417008239447
180,21.083333333333332,0.1561903243395669,0.3959100377438708,18.0,21.235478899330335
181,20.86111111111111,0.1483992906186864,0.39616381932154265,18.0,21.241068955911626
182,21.02777777777778,0.16252333422441348,0.3994502819699816,18.0,21.311852106317176
183,21.11111111111111,0.1523637962352504,0.39785753078420405,18.0,21.270401287536878
184,20.944444444444443,0.1713464663645081,0.40122967163589823,18.0,21.378621618424614
185,20.833333333333332,0.16623282238540055,0.4011888735124093,18.0,21.293402728623818
186,20.944444444444443,0.15234126324168418,0.39739922666947414,18.0,21.22124985088436
187,20.944444444444443,0.16067755188994462,0.40106085239213496,18.0,21.260438980017092
188,20.86111111111111,0.15578119337790458,0.398111479720013,18.0,21.30795149327641
189,20.944444444444443,0.15011834741075847,0.39603698192134956,18.0,21.209949468358996
190,21.0,0.1528119726296704,0.3982380388477086,18.0,21.300197276335112
191,21.055555555555557,0.16243798075400712,0.39944770547890013,18.0,21.260536711858613
192,20.97222222222222,0.15250953670588316,0.3949763680557631,18.0,21.225372492340707
193,21.11111111111111,0.16488885176876553,0.4003783486482403,18.0,21.275666161334435
194,20.944444444444443,0.1574626818799088,0.3978643953677507,18.0,21.236405369639783
195,20.97222222222222,0.14960559181727506,0.39514143296372567,18.0,21.21425689979673
196,21.083333333333332,0.15906222902128817,0.39788459858382863,18.0,21.27839184145974
197,21.02777777777778,0.16200443157437627,0.3989643438440242,18.0,21.260137522526684
198,20.88888888888889,0.14970647360304692,0.39701302164379815,18.0,21.224766924949595
199,20.833333333333332,0.14694041871374386,0.397371555718168,18.0,21.25942723400048
200,20.88888888888889,0.17892474290867327,0.40500387057716364,18.0,21.349638265013006
201,20.916666666666668,0.16074927113238185,0.3984778711015264,18.0,21.234038375970147
202,20.833333333333332,0.16343364919558678,0.40201115174771085,18.0,21.317588161720256
203,20.97222222222222,0.18129424055156876,0.4068740950388262,18.0,21.296886814359183
204,20.97222222222222,0.1794523090565868,0.40367483379343716,18.0,21.26531400452689
205,21.0,0.1688876227950424,0.4005607125045892,18.0,21.321677436392267
206,20.86111111111111,0.14977742395499585,0.3951739084005866,18.0,21.303745742199474
207,21.0,0.17632926361813486,0.4027637319124003,18.0,21.2543613070808
208,20.97222222222222,0.1547164641289794,0.3954863407677087,18.0,21.232276364341732
209,20.97222222222222,0.18749432437710037,0.40676501373274665,18.0,21.309679233086833
210,20.944444444444443,0.16519603434464494,0.3994894661943364,18.0,21.262987709568982
211,20.88888888888889,0.14240969648972934,0.3930868213094021,18.0,21.22087515748362
212,20.916666666666668,0.15222821820764224,0.3972845868206834,18.0,21.215345937334092
213,21.02777777777778,0.15272572178791535,0.3968026142949809,18.0,21.260224923444774
214,21.055555555555557,0.15995613809047218,0.39948587610967984,18.0,21.28362870108524
215,20.805555555555557,0.1498885668123394,0.395352343374584,18.0,21.21784531989044
216,21.02777777777778,0.1537659148897638,0.39682226095135287,18.0,21.22947113747717
217,20.833333333333332,0.16027110877689918,0.3990245793688579,18.0,21.295254768406483
218,20.944444444444443,0.14997185330330715,0.39710987324400515,18.0,21.281886434966992
219,20.833333333333332,0.13827152884802238,0.3955410602660836,18.0,21.207096304649404
220,20.916666666666668,0.15269999568793702,0.39772344018631617,18.0,21.322607201265274
221,20.97222222222222,0.16094150338711447,0.39999262544326397,18.0,21.284483850030433
222,21.0,0.16395130175223027,0.3976446455633454,18.0,21.269596999927945
